"name","key","sequence"
"crAcat1_HAT","1A","CTTCTGGTGTAAGAGCTGAGAGC"
"crAcat1_HAT","1B","GCACTTTACTAAAGTCAACACGC"
"crAno9_neg","2A","CACCAATGGCAACTGGTCCCCTT"
"crAno9_neg","2B","AGGGTCTGGAGGTCAGCCACCAG"
"crAsh1l_BD","3A","GGGGAAGATTCAAAAGTGGAGCT"
"crAsh1l_BD","3B","TAATACCCAATGAGGATCTGCTT"
"crAsh1l_KMT","4A","GAGCTGAGGAAAAAGGTTGGGGA"
"crAsh1l_KMT","4B","CCATGCGGTAACTGTCAATCACC"
"crAtad2_BD","5A","CTGATTACAGATGAAAGGTCCAT"
"crAtad2_BD","5B","AGAGACACTGCTTATGCAATAAT"
"crAtad2b_BD","6A","TCTGTGGCCAGCCTCTTGGTAAC"
"crAtad2b_BD","6B","ATTACTTCAAGGTAATCTGAAAC"
"crAtat1_HAT","7A","AGGAAACCAATAATGGCTCCTTT"
"crAtat1_HAT","7B","CATCCACGAGTCGGTGCAACGGC"
"crAtf2_HAT","8A","CAGTATCACCATTGGTAACTGGA"
"crAtf2_HAT","8B","ACCCAGCAACACCCTCCAGTTAC"
"crBace2_neg","9A","ATGTCACTGTGAAGTACACACAG"
"crBace2_neg","9B","GGATGGTGACAAGGTCCTCACCA"
"crBaz1b_BD","10A","TTCTGTATGGTCTGGAAGTCCAT"
"crBaz1b_BD","10B","CCAATGCCGAGCTCTATAACTGC"
"crBaz2a_BD","11A","CTAGAGCCTGTGAACCCTCGCTT"
"crBaz2a_BD","11B","ACAACTGCCAGACCTTCAATGAG"
"crBaz2b_BD","12A","AGACCTTTGCTCTAGACGTCAGG"
"crBaz2b_BD","12B","ACAGTTGTCAAAAACAAGCCTGA"
"crBptf_BD","13A","CTTGAACCGGTAGACCCCAATGA"
"crBptf_BD","13B","TATTCTTTCTTCCATGGTGGCAA"
"crBrd1_BD","14A","CAGGGTCCTTCTCCTGTAGCTGC"
"crBrd1_BD","14B","CTCATTGTAGCAAAGTCCATGGG"
"crBrd2_BD1","15A","CATGGCCATTCCGGCAGCCTGTG"
"crBrd2_BD1","15B","AAGTCTCCTCTTGATAGTACCCA"
"crBrd2_BD2","16A","AGAGCAGTTCCTTCAGGATGCCG"
"crBrd2_BD2","16B","CTGCTGATGTACGGCTTATGTTC"
"crBrd3_BD1","17A","CAGAGTGTCTTCACCACTACATT"
"crBrd3_BD1","17B","TAGTCTCTTCTTGATAGTCCCCA"
"crBrd3_BD2","18A","CAAGCCAGTGGACGCGGAGGCGC"
"crBrd3_BD2","18B","CTGCTGATATCCGGTTAATGTTC"
"crBrd4_BD1","19A","CATAGTGTCTTGAGCACCACTCT"
"crBrd4_BD1","19B","TTGTTCCCATATCCATGGGTGTT"
"crBrd4_BD2","20A","TTGGCAAACATCTCCTTGAGGAT"
"crBrd4_BD2","20B","GTGCTGATGTCCGATTGATGTTC"
"crBrd7_BD","21A","ATAATCATGGAGTAGCCAGGCGC"
"crBrd7_BD","21B","CAGCTTTATAATAAATGGTCTCT"
"crBrd8_BD","22A","CTGCAGCCCTCCATACAAGCATG"
"crBrd8_BD","22B","TTTATAGTTGACAAATCCATAGG"
"crBrd9_BD","23A","CTGTTACGGATGCAATTGCTCCT"
"crBrd9_BD","23B","TAGTACACGGTGTCTGGTCTATT"
"crBrdt_BD1","24A","ACGGCGTCCACCGGCTGTTGGAA"
"crBrdt_BD1","24B","CAACCGCTTCTTAATTGTATTTA"
"crBrdt_BD2","25A","AGAATCTCGCTGCAGTGCTTTAA"
"crBrdt_BD2","25B","CTGCAGATGTCAGACTGATGTTC"
"crBrpf1_BD","26A","CTCATCCTCCTCCGAAAAACCTT"
"crBrpf1_BD","26B","ATGTGGTCTAGGTAGTCGGGTAC"
"crBrpf3_BD","27A","TACTATGAGGCGGAAGCTGGAAT"
"crBrpf3_BD","27B","AGGAGGACTTTAACCTTATAGTT"
"crBrwd1_BD1","28A","AAAGCTGGTCTATGCCACTGATG"
"crBrwd1_BD1","28B","CAGGCCCGGTGGATCTGTGCACA"
"crBrwd1_BD2","29A","GACAGCCCGTGGACTTGGATGAG"
"crBrwd1_BD2","29B","CCTTACTGTTCCAAAATCCATTG"
"crBrwd3_BD1","30A","CTGTTCCAGTGGATCTCAGTGCC"
"crBrwd3_BD1","30B","ATGGTATTGAGGTCAGTTGGATA"
"crBrwd3_BD2","31A","TGAACGGGAAGACTCAGAGCCAT"
"crBrwd3_BD2","31B","ACAGTGCTGAAGTCCATAGGTGT"
"crCarm1_RMT","32A","AAGTGCTCGGTGTCCCGAGAGAC"
"crCarm1_RMT","32B","AGGATGTTGTAGAAAGAACAGAA"
"crCecr2_BD","33A","AATTGGATGACGATTTCACAGCC"
"crCecr2_BD","33B","TTCTCCATGCTTGAAATATCCAT"
"crClock_HAT","34A","CCAGCCTGCAGCTGGGAGCATGG"
"crClock_HAT","34B","GTCACAAGTTGCTGACCTTGAGA"
"crCrebbp_BD","35A","GTCAGCCTGTAGATCCTCAGCTC"
"crCrebbp_BD","35B","AACCCGAGGAGCTACGCCAGGCA"
"crCrebbp_HAT","36A","CGGCGCCAGAATCACCCTGAAGC"
"crCrebbp_HAT","36B","TGGATTCTGGAGAGATGTCGGAA"
"crDcc_neg","37A","TACTCTTCGGAGCTTCCTTGCTC"
"crDcc_neg","37B","CAAATTAAACCTTTCACGTCACT"
"crDot1l_KMT","38A","ACCTGGTGGCCCAGATGATTGAT"
"crDot1l_KMT","38B","CAGTTGGTGGCCGCAGCAACCTG"
"crEhmt1_KMT","39A","TCGGACACAGGACATGGGCTGGG"
"crEhmt1_KMT","39B","GGACTCTGAAGCTGATGTTCGGG"
"crEhmt2_KMT","40A","CTGCATTGATGCCCGTTACTATG"
"crEhmt2_KMT","40B","ACTACGGTGACCGATTCTGGGAC"
"crElp3_HAT","41A","CTGTCCTACGAAGATCCTGATCA"
"crElp3_HAT","41B","CTCAGAGCACTTCCGCAGCCTTA"
"crEp300_BD","42A","CCGGCAGGACCCAGAATCTCTTC"
"crEp300_BD","42B","ATATTGTGAAGAGCCCCATGGAT"
"crEp300_HAT","43A","TCGCCTCAGAAAGTCATTCACTC"
"crEp300_HAT","43B","TAGATAGTGGAGAGATGGCAGAA"
"crEsrrb_neg","44A","GCATTGCCCTGAGCACCCACGCC"
"crEsrrb_neg","44B","GTGATCTCACATTCATTGGTGGC"
"crEzh1_KMT","45A","TCATAGACCTTCCCTCGACGATC"
"crEzh1_KMT","45B","CCAAGAGAGCAATTCAGGCTGGC"
"crEzh2_KMT","46A","ATAAAGATGCCCCAGCCTGCCAC"
"crEzh2_KMT","46B","CTCTTCTGTCTGCTTCATCCTGA"
"crFev_neg","47A","AGGAAGGGAAGAGCCCGAGCTGG"
"crFev_neg","47B","TCCTGGAGCTGCTGGCAGATCGC"
"crGcn5_HAT","48A","CGTGAAGCCCTGAGTGGGAAACA"
"crGcn5_HAT","48B","GGTGGTTCATCAGGTGGGTGCCA"
"crGtf3c4_HAT","49A","TTCATCTTCTTGGAGATATGTCC"
"crGtf3c4_HAT","49B","TAACCTACCAGTCCTGCCAGAGC"
"crHat1_HAT","50A","ATCATCCACGTCAATAAAGCTAG"
"crHat1_HAT","50B","AGAAGTATAATAAGGATGGAGCT"
"crHbo1_HAT","51A","TCAACTATAATGTCTCGTGCATC"
"crHbo1_HAT","51B","TGGACCATAAGACGCTATACTAT"
"crHdac1_HDAC","52A","TGAAAGGACACAGTCATGACCCG"
"crHdac1_HDAC","52B","ATGGTCAGATTGAAGCAACCTAA"
"crHdac10_HDAC","53A","GCTGCTAGAGCCACATTGTTGAA"
"crHdac10_HDAC","53B","TTTCTCTTGGCACCGCTATGAGC"
"crHdac11_HDAC","54A","TGGTGGCTACCATCACTGAGATC"
"crHdac11_HDAC","54B","AACGCGTGGAAGGCATCTCCAGA"
"crHdac2_HDAC","55A","TACAACAGATCGCGTGATGACCG"
"crHdac2_HDAC","55B","TCCATATGATTCATCATCTATAC"
"crHdac3_HDAC","56A","TGGAAGGACACAGTCATGACCCG"
"crHdac3_HDAC","56B","CAGCCAGTCATCAGCCAGGTGGT"
"crHdac4_HDAC","57A","GCTGCAACTGCCACGGAGTTAAA"
"crHdac4_HDAC","57B","AATGTCAACATGGCTTTCACGGG"
"crHdac5_HDAC","58A","GCTGTGATGGCTACGGAGTTGAA"
"crHdac5_HDAC","58B","CAGGCTCTGGGGCTCCTGAAGAG"
"crHdac6_HDAC1","59A","TGCCAGTACTCGAAGCTCCCCTT"
"crHdac6_HDAC1","59B","CGCATAGCGGGCAGCCACAGCCA"
"crHdac6_HDAC2","60A","TGTGGTGCGGAGATGCTCCACGT"
"crHdac6_HDAC2","60B","GCTCCGCGTGGTGTCCTGGAGGG"
"crHdac7_HDAC","61A","AGCATCACCGAGTCATAGACCAG"
"crHdac7_HDAC","61B","AGGCGGCTGAGTGGGTTCGTGCC"
"crHdac8_HDAC","62A","ACTATGCAGCAGCTATAGGAGGA"
"crHdac8_HDAC","62B","TGTTATCTCAATGATGCTGTCCT"
"crHdac9_HDAC","63A","ATTCAGTTGCAATTACCGCCAAA"
"crHdac9_HDAC","63B","ACTCCATCGCTATGATGAAGGGA"
"crHif1an_DM","64A","TTGATCCAGTTCCAGTTAAAACC"
"crHif1an_DM","64B","GGCAAAAAAGTTCTGCTGCTCAT"
"crHspbap1_DM","65A","GCAGTCCAGTGTCGTGATGGCCA"
"crHspbap1_DM","65B","ACCTGGAACTGTGACCAGTCTAG"
"crHtr2c_neg","66A","GAAAGAAGGTGTTCATTGGCCTA"
"crHtr2c_neg","66B","TTCTTAGCGACCCCTCTTTCAAT"
"crIrx1_neg","67A","AATACGGGGATCCCGGACGGCCC"
"crIrx1_neg","67B","AGCGTGCTGGTGCTCTCCCGCGT"
"crJarid2_DM","68A","GTCTCGAGACCAGCATGAGGTAG"
"crJarid2_DM","68B","GACACAAAGGATCCCGGGAAGCA"
"crJmjd1c_DM","69A","AAGAAATTCCCTTATCTTGTCAA"
"crJmjd1c_DM","69B","GTCCCGGATTGGATCATGCTCTG"
"crJmjd4_DM","70A","TAGCGCCTTCACCGAGGGCTGGG"
"crJmjd4_DM","70B","AATTGTATTCTCGCACTCCACAG"
"crJmjd6_DM","71A","TGATGGGGCCACCGCGTTCTGGA"
"crJmjd6_DM","71B","TTGGGAAGAGGCACCACCGCTTG"
"crJmjd7_DM","72A","GGATAATGCAGGGCCTGTTGGGG"
"crJmjd7_DM","72B","TGATGCCTGCTGAACGCCGCCTG"
"crJmjd8_DM","73A","CCGGGAACACAGGGCCCGGAACT"
"crJmjd8_DM","73B","GAGACAACAACTTCACTGAGTGG"
"crKat2b_BD","74A","CAGCACCCTCAAGAACATCCTGC"
"crKat2b_BD","74B","ATGGAACCAGTGAAGAGAACAGA"
"crKat2b_HAT","75A","TGTCAGCCCATTCGGCCAGAGAT"
"crKat2b_HAT","75B","CGGATGTTTCCATCCCAGGGATT"
"crKat5_HAT","76A","CAGTCATACTCCGTCATTACGTA"
"crKat5_HAT","76B","TCAGGAGTTCCGGTCTTCCCTTC"
"crKat6a_HAT","77A","CCGAAAGAATAATATTTCTGTCT"
"crKat6a_HAT","77B","ACAATAAATGGTACTCACGTTCC"
"crKdm1a_DM","78A","CTTGTGTTTCAGCTAATTCATCA"
"crKdm1a_DM","78B","TCTGTCTCTTGATGAGAGGTATA"
"crKdm1b_DM","79A","AAGGACTTGTCATCCCATACTCG"
"crKdm1b_DM","79B","TCAACAGTGGGGTCAGTTATCCG"
"crKdm2a_DM","80A","CACCTTGGTGGATGTGATACCAA"
"crKdm2a_DM","80B","GAGGTACTTCTGTTTGGTATCAC"
"crKdm2b_DM","81A","ACTGACTTCCACATTGACTTTGG"
"crKdm2b_DM","81B","GCTGATCCCTCCAACCCTGCACA"
"crKdm3a_DM","82A","GGAATTCCCACATAAACCATGAC"
"crKdm3a_DM","82B","CTTCAATAAATCTCTTGATTGTG"
"crKdm3b_DM","83A","TAAGGCCTGATCTGGGCCCCAAG"
"crKdm3b_DM","83B","TTGTACCAACTCTTCTGTCTTCT"
"crKdm4a_DM","84A","CTTCGGCATGTGGAAGACGTCCT"
"crKdm4a_DM","84B","CCATGCTCAGGTGGAACAGAGTA"
"crKdm4b_DM","85A","GCATGTGGAAGACCACGTTTGCC"
"crKdm4b_DM","85B","ACTGCGCTGAGTCCACTAACTTC"
"crKdm4c_DM","86A","CATGCTCCGGAGGTATAGCATAC"
"crKdm4c_DM","86B","TCCGGCACAAGATGACCCTCATT"
"crKdm4d_DM","87A","GCATGTGGAAGACCACCTTTGCG"
"crKdm4d_DM","87B","GGCAGCCCAAGACCTGGTATGCT"
"crKdm5a_DM","88A","AATCCCAGCCTGATCTCCTACAT"
"crKdm5a_DM","88B","TGGTGACGTTTCCTCGTGCCTAT"
"crKdm5b_DM","89A","TTCATTCTGTTGGCACATTGAAG"
"crKdm5b_DM","89B","TAGCTGCTCAGCAGCGTAGCCTG"
"crKdm5c_DM","90A","CTGGCATATTGAAGATCACTGGA"
"crKdm5c_DM","90B","ATAGCCAGCCTGATCTCCTTCAC"
"crKdm5d_DM","91A","ACAGCCAACCTGACCTCCTGCAC"
"crKdm5d_DM","91B","ACCAAGGCTATAACTTTGCTGAG"
"crKdm6a_DM","92A","CTGCAGATACAACTCTCACGAAG"
"crKdm6a_DM","92B","TATTAACTGAACAGAAGTTGTTA"
"crKdm6b_DM","93A","AGCAGCTCCTGTAGCTGTGGCTT"
"crKdm6b_DM","93B","TGCTCAGTCAACATCAACATTGG"
"crKdm7a_DM","94A","GTGGGACTTCAGTCTGGTACCAT"
"crKdm7a_DM","94B","TTGGCTTTATCAAATAAAAAATC"
"crKdm8_DM","95A","TGCAGGGTTGCTCTGGGAGGGAG"
"crKdm8_DM","95B","GAGTATATCCAGGAGATCGCTGG"
"crKmt2a_BD","96A","CTCAGTCTCAGGGTTTAAGTCTG"
"crKmt2a_BD","96B","TCTCTGGCTGCCCTCCATCTGAG"
"crLama1_neg","97A","CAGAACATCTCAGGCCCCTTCTC"
"crLama1_neg","97B","ATGATGATGTATGCAACTTGAAA"
"crMina_DM","98A","AAACCTTCTTCTTCCCACTGATG"
"crMina_DM","98B","GGTCCTTAGTAGGCTCGAATGTG"
"crMll1_KMT","99A","TCTTACAGAAAAGACCCCGACCA"
"crMll1_KMT","99B","CATGCATGGTGGCATCCACTACC"
"crMll2_KMT","100A","TAAACGCAACATCGATGCGGGAG"
"crMll2_KMT","100B","ATGTGGTGGACGCCACCATGCAC"
"crMll3_KMT","101A","AATGTCTCTAGCAGCATACAGGC"
"crMll3_KMT","101B","GAATAATTGTTCCAATGTACTCG"
"crMll4_KMT","102A","TCCCGCCGATTGGCCACCTCATT"
"crMll4_KMT","102B","TCCTCCTTGTCAAACGTCACGAC"
"crMll5_KMT","103A","CTTCAAACTGTTCTCTCAGCATA"
"crMll5_KMT","103B","AAGCCCATGGAACTTAGAGTAGA"
"crMof_HAT","104A","TCACCTTTCCCAGAGGACTATGG"
"crMof_HAT","104B","GATAGATCTCCTTCCCTGGGGGC"
"crMorf_HAT","105A","TGGTCCAGGAAGAGCTTGGCTAA"
"crMorf_HAT","105B","GTGCTGGGGCATGATCATTATGC"
"crNat10_HAT","106A","AATAGCCTCTCTCGAGGCAAGAA"
"crNat10_HAT","106B","AAGATCCAGACTTTGGAGGCCTT"
"crNcoa1_HAT","107A","CTGCAAACTGGTTCAAGATGGCT"
"crNcoa1_HAT","107B","TACCATAGTTTGGTGGGTAGGGG"
"crNcoa2_HAT","108A","CCTCTGCCTCTGGGCCAGCATCT"
"crNcoa2_HAT","108B","CTGGGGCTACAACTCCCCAGAGT"
"crNcoa3_HAT","109A","CAAGGCCAAGAAGCAGCAGTAAT"
"crNcoa3_HAT","109B","ACCTTCAGGGACAGTCACCATCG"
"crNmu_neg","110A","CAAGCGTCTGCACAGCAGGCGAG"
"crNmu_neg","110B","TGTCCATTGATTCCAGGCCTCAG"
"crNsd1_KMT","111A","TGAATGAATATGTGGGTGAGCTA"
"crNsd1_KMT","111B","GGACCAGCATCAATGATTCGATC"
"crOpn4_neg","112A","CTGGTGTCCGCAGGCCTCTGTTC"
"crOpn4_neg","112B","GCATCACTTCCATGATCACCCTG"
"crPadi4_DM","113A","ACTCCCCGAGGGACAGAGGCCTG"
"crPadi4_DM","113B","GGGTCACATAGCCAAAATTTGGA"
"crPbrm1_BD1","114A","GAGCCCTAATGAACAGCTCACAG"
"crPbrm1_BD1","114B","ATCAAGTCAATGGGCTGAGAAAC"
"crPbrm1_BD2","115A","TGAAAAAGTTCACTGATGAGCCG"
"crPbrm1_BD2","115B","CTAGAAGATCTATATCTTTGGCC"
"crPbrm1_BD3","116A","CAACCCCTTTCATCAGCTTTACG"
"crPbrm1_BD3","116B","GAACTCGCTTATAGATGGCTGAA"
"crPbrm1_BD4","117A","TTCAATGTTGTTCTTGAAGCTCG"
"crPbrm1_BD4","117B","CGATCTATTTATGGTTAAGCCAT"
"crPbrm1_BD5","118A","CAGCTTCATACACTTCATTCAGT"
"crPbrm1_BD5","118B","ATGGTCAGGTAGTAGTCAGGCAG"
"crPbrm1_BD6","119A","AAGTATTGGAACGGGCAAGAAGG"
"crPbrm1_BD6","119B","TGTCAGTCATGAGTCATCAGGAT"
"crPhf2_DM","120A","TTCACAATGTCAGGTGGCTCCAC"
"crPhf2_DM","120B","TAGCACCTGTCCACCTGGTCGGC"
"crPhf8_DM","121A","AGAGACCCAATGTGCAGAAGTAC"
"crPhf8_DM","121B","TTGGGCGGATCAGGTAGAAGATC"
"crPhip_BD1","122A","ACATTCTTCATCCCTGGGATTGG"
"crPhip_BD1","122B","TTGCCCCTGTGGACCTTCAAGCT"
"crPhip_BD2","123A","TTCCATGCCTGAATATCGTAAGA"
"crPhip_BD2","123B","CCACTGTTAGAGAGACTTTAGAG"
"crPrdm2_KMT","124A","CCATCTGCGGTCGACAAGACTCG"
"crPrdm2_KMT","124B","GGCCATTTGTTGGTGATAAGAAG"
"crPrdm8_KMT","125A","CCAGTGTATATACAACCTGCGAC"
"crPrdm8_KMT","125B","TATAAGCTTCGAGATTCTGTTCT"
"crPrdm9_KMT","126A","TTTGTAAAAGACAGTATGGTGGA"
"crPrdm9_KMT","126B","CTGTGATATTGAAAGGCTACCAG"
"crRad54l_ATPase","127A","TCACTGCTACGGCTTCGAGTCAC"
"crRad54l_ATPase","127B","TGGCTTGCATTCTGGGCTCTGGC"
"crRad54l2_ATPase","128A","AGAAGGCCTTATGCCGCCCTGGT"
"crRad54l2_ATPase","128B","GCTGGCGTATGGCGGAAAAGGAC"
"crRosa26_neg","129A","AGCCTGCCCAGAAGACTCCCGCC"
"crRosa26_neg","129B","CATCGAGGTAGATTAAAGACATG"
"crRpa3_pos","130A","GGGAGCTGCATTATGTCCTCCAT"
"crRpa3_pos","130B","CTTCTCCATCTGAAAGAATAAAC"
"crSetd1a_KMT","131A","GGAAGAAGAAACTCCGATTTGGC"
"crSetd1a_KMT","131B","CGGGTGGATCACGACACCATCAT"
"crSetd1b_KMT","132A","AGGAGATGACCATCTTGTACGAC"
"crSetd1b_KMT","132B","TTGGCTGAGGAGAGGCTGGTGGG"
"crSetd2_KMT","133A","TGTAAGTATGACTTCTACATCTG"
"crSetd2_KMT","133B","TGATCAAGTACCTCTCCACAGTA"
"crSetd5_KMT","134A","CCACGATATTCTATTATAAGAGT"
"crSetd5_KMT","134B","TGCTCTTCTACTCAAAATTCAAT"
"crSetd6_KMT","135A","ATCATCATCTTCCTCCAGCGGTT"
"crSetd6_KMT","135B","ATGACCTTCAAGAATGGGCTGAG"
"crSetd7_KMT","136A","CAAGGTAGCAGTTGGACCTAATA"
"crSetd7_KMT","136B","TCCACCCCCGTTTCGGGCCGATC"
"crSetd8_KMT","137A","AATGAGGTCCCCATGGTATTCTA"
"crSetd8_KMT","137B","GTCTGGCAGTTCCCACACTTACT"
"crSetdb1_KMT","138A","GCATCAATGATGTAGCAAGACTC"
"crSetdb1_KMT","138B","TCCAGAATGTGTTTGTGGATACC"
"crSetdb2_KMT","139A","AAGCATCCAATAGAAACAGACTC"
"crSetdb2_KMT","139B","TACAAAAACATTCTGCACCCAGA"
"crSetmar_KMT","140A","TCTGTCTGGAACACCTGGAGAAG"
"crSetmar_KMT","140B","GAATTTATACCCAAGGGAAGATT"
"crSirt1_DA","141A","TAAAATACTCAATATCAAACATG"
"crSirt1_DA","141B","CTTCCTTATCTGACAAAGCTATG"
"crSirt2_DA","142A","CCACACTCTGACACTGCTCACAC"
"crSirt2_DA","142B","TGCAGGAGGTGTTGACACAGTGT"
"crSirt3_DA","143A","TAACAGCTACATGCACGGTCTGT"
"crSirt3_DA","143B","ACAACGCCAGTACAGACAGGGCA"
"crSirt4_DA","144A","AGAGGGCCGCCGCATCGATCACA"
"crSirt4_DA","144B","CTCGCGGGCGGTGAGGATGAACC"
"crSirt5_DA","145A","AAACTCGGTGTACCTCGTGTGGC"
"crSirt5_DA","145B","TCGACTGGGATTCTGGCGTCTTG"
"crSirt6_DA","146A","CACACGGGCGCCGGCATCAGCAC"
"crSirt6_DA","146B","ACACCACCTTCGAGAATGCTCGG"
"crSirt7_DA","147A","ATGTGACTGAGCGTACTGCCCTT"
"crSirt7_DA","147B","GGGAGAGGGGGACATTAGGGCAG"
"crSmarca2_BD","148A","CACATCTTCCTTCACGGGGTCTT"
"crSmarca2_BD","148B","CTGGAAGGTAACTGAATGAAGAC"
"crSmarca4_ATPase","149A","GAGTGGCTGGTGTCCCTGTACAA"
"crSmarca4_ATPase","149B","ATGCGGTGGCCTTCATCCACAAT"
"crSmarca4_BD","150A","GGATGAGCTCATAGTACTCAGGA"
"crSmarca4_BD","150B","CTCGCCTTCACTGTCGTCCTCCT"
"crSp100_BD","151A","TGGAGGACATGCGCCTCATCTTT"
"crSp100_BD","151B","AAATTCTTCTCAAATTTCTTTCC"
"crSuv39h1_KMT","152A","CAGCGTGCGGACACCCCAGCCTC"
"crSuv39h1_KMT","152B","ACCTGGACTACGTGGAAGACGTA"
"crSuv39h2_KMT","153A","ACCTGGACTACGAGTCTGATGAG"
"crSuv39h2_KMT","153B","ATCGATAACCTTGATACTCGGCT"
"crSuv420h1_KMT","154A","TGTCAACTGGTCGAGATACAGCA"
"crSuv420h1_KMT","154B","TGAAAGTTCGGCAATACAACCCA"
"crTaf1_BD1","155A","GAAGATCTCTCATGTCATTGATA"
"crTaf1_BD1","155B","CATTAACTGGAGTATGGAAAGGG"
"crTaf1_BD2","156A","ACGGAGTGTCTGTAGATCCATTG"
"crTaf1_BD2","156B","TTCCAGATTATTACAAAGTGATT"
"crTaf1_HAT","157A","GGGCACTATCTCAGCCAGGTCCA"
"crTaf1_HAT","157B","TGCGCACACCTCAGGATCTCACA"
"crTet1_DM","158A","CAAGTCGACAGTCTCCAGCAACT"
"crTet1_DM","158B","TGTCACGGCCATCTGCTCGAATC"
"crTet2_DM","159A","GCTCAGCTCCATGTAGCCTAAAT"
"crTet2_DM","159B","GCATGTTCTGCTGGTCTCTGTGG"
"crTet3_DM","160A","CTCGCTGCCAAACTCATCCGTGC"
"crTet3_DM","160B","AGGATCTGGCCACTGAAGTTGCT"
"crTrim24_BD","161A","TTTACTGCCATGAAATGAGCCTG"
"crTrim24_BD","161B","TTGATGGTTGACAAGTCCATTGG"
"crTrim28_BD","162A","AACATGCGGCCCACATCTTGAGC"
"crTrim28_BD","162B","AGACACGCATGAATGATGCCTTT"
"crTrim33_BD","163A","CCTCTATTGTCACGAATTAAGTA"
"crTrim33_BD","163B","TGAAGCTTCTTCTTCACCGTTGA"
"crTrim66_BD","164A","CTCCGGATGATTGACAGGTCCAT"
"crTrim66_BD","164B","GCCAGCCTTCAAAGAACACTTCC"
"crUty_DM","165A","TACGTGTTGTATCAGCAGGGAAT"
"crUty_DM","165B","TGTTAACAGAACAGAAATTGTTA"
"crWhsc1_KMT","166A","GCAACCAGGCCCCACCCTTTGCC"
"crWhsc1_KMT","166B","TTAATGAGTATGTTGGTGAGCTG"
"crWhsc1l1_KMT","167A","GTTCTGAGGCCCCATCCTCGCCG"
"crWhsc1l1_KMT","167B","TAAACGAGTATGTCGGTGAATTA"
"crZmynd8_BD","168A","TGAATGGCAAACTTGAGCAGGTA"
"crZmynd8_BD","168B","CAATGTACAAAGGTCCATGGGGT"
